"0","estimated_clusters <- gmm_est_best$posterior_weights %>% "
"0","  apply(1, which.max) %>% "
"0","  factor()"
"0","cluster_pair_plot <- ggpairs(donnees %>% "
"0","                       select_if(is.numeric) %>% "
"0","                       mutate(Cluster = estimated_clusters), "
"0","                     mapping = aes(color = Cluster, alpha = 1),"
"0","                     upper = list(continuous = wrap(""points"", alpha = 1,"
"0","                                                    size = 1/.pt)),"
"0","                     lower = ""blank"") +"
"0","  theme_bw() +"
"0","  theme(text = element_text(size = 10),"
"0","        axis.text = element_blank(),"
"0","        axis.ticks = element_blank()) "
