{"chunk_definitions":[{"row":12,"row_count":1,"visible":true,"expansion_state":0,"options":{"engine":"r","label":"setup","include":false,"dev":"png"},"document_id":"7E72CC50","chunk_id":"csetup_chunk","chunk_label":"setup"},{"row":34,"row_count":1,"visible":true,"expansion_state":0,"options":{"engine":"r","label":"packages","message":false,"warning":false,"dev":"png"},"document_id":"7E72CC50","chunk_id":"c343y8lfxiu9d","chunk_label":"packages"},{"row":59,"row_count":1,"visible":true,"expansion_state":0,"options":{"engine":"r","label":"dataMeadow","message":false,"warning":false,"dev":"png"},"document_id":"7E72CC50","chunk_id":"cpzphlre3q3vk","chunk_label":"dataMeadow"},{"row":85,"row_count":1,"visible":true,"expansion_state":0,"options":{"engine":"r","label":"data plot","message":false,"warning":false,"dev":"png"},"document_id":"7E72CC50","chunk_id":"c5xqriuyl0bso","chunk_label":"data plot"},{"row":126,"row_count":1,"visible":true,"expansion_state":0,"options":{"engine":"r","label":"source EM ","dev":"png"},"document_id":"7E72CC50","chunk_id":"c5zmhjjyycao4","chunk_label":"source EM"},{"row":178,"row_count":1,"visible":true,"expansion_state":0,"options":{"engine":"r","label":"starting points","dev":"png"},"document_id":"7E72CC50","chunk_id":"c2om7buj7u5ld","chunk_label":"starting points"},{"row":210,"row_count":1,"visible":true,"expansion_state":0,"options":{"engine":"r","label":"running estimation","eval":false,"echo":true,"dev":"png"},"document_id":"7E72CC50","chunk_id":"cd48ralfgbzja","chunk_label":"running estimation"},{"row":214,"row_count":1,"visible":true,"expansion_state":0,"options":{"engine":"r","label":"load estimation","eval":true,"echo":false,"dev":"png"},"document_id":"7E72CC50","chunk_id":"counacws1p4td","chunk_label":"load estimation"}],"doc_write_time":1736777024,"working_dir":null,"default_chunk_options":{"echo":true}}