{"chunk_definitions":[{"row":12,"row_count":1,"visible":true,"expansion_state":0,"options":{"engine":"r","label":"setup","include":false,"dev":"png"},"document_id":"7E72CC50","chunk_id":"csetup_chunk","chunk_label":"setup"},{"row":34,"row_count":1,"visible":true,"expansion_state":0,"options":{"engine":"r","label":"packages","message":false,"warning":false,"dev":"png"},"document_id":"7E72CC50","chunk_id":"c343y8lfxiu9d","chunk_label":"packages"},{"row":60,"row_count":1,"visible":true,"expansion_state":0,"options":{"engine":"r","label":"dataMeadow","message":false,"warning":false,"dev":"png"},"document_id":"7E72CC50","chunk_id":"cpzphlre3q3vk","chunk_label":"dataMeadow"},{"row":83,"row_count":1,"visible":true,"expansion_state":0,"options":{"engine":"r","label":"data plot","message":false,"warning":false,"dev":"png"},"document_id":"7E72CC50","chunk_id":"c5xqriuyl0bso","chunk_label":"data plot"},{"row":99,"row_count":1,"visible":true,"expansion_state":0,"options":{"engine":"r","label":"source EM ","dev":"png"},"document_id":"7E72CC50","chunk_id":"c5zmhjjyycao4","chunk_label":"source EM"},{"row":151,"row_count":1,"visible":true,"expansion_state":0,"options":{"engine":"r","label":"starting points","dev":"png"},"document_id":"7E72CC50","chunk_id":"c2om7buj7u5ld","chunk_label":"starting points"},{"row":187,"row_count":1,"visible":true,"expansion_state":0,"options":{"engine":"r","label":"load estimation","eval":true,"echo":false,"dev":"png"},"document_id":"7E72CC50","chunk_id":"counacws1p4td","chunk_label":"load estimation"},{"row":234,"row_count":1,"visible":true,"expansion_state":0,"options":{"engine":"r","label":"table ICL","eval":true,"echo":false,"dev":"png"},"document_id":"7E72CC50","chunk_id":"cghwc2v8yfl3j","chunk_label":"table ICL"},{"row":270,"row_count":1,"visible":true,"expansion_state":0,"options":{"engine":"r","label":"cluster","dev":"png"},"document_id":"7E72CC50","chunk_id":"c1w381s88ea9h","chunk_label":"cluster"},{"row":303,"row_count":1,"visible":true,"expansion_state":0,"options":{"engine":"r","label":"compare cluster","dev":"png"},"document_id":"7E72CC50","chunk_id":"c7flazy0oydh5","chunk_label":"compare cluster"}],"doc_write_time":1736856870,"working_dir":null,"default_chunk_options":{"echo":true},"chunk_rendered_width":700}