"0","get_best_estimate <- function(ks, ys, n_trys){"
"0","  purrr::map(ks, function(k){"
"0","    if(k == 1){"
"0","      all_res_k <- get_EM_estimation_mixture(ys = ys, "
"0","                                theta0 = list(pi = 1,"
"0","                                              mu = rep(0, ncol(ys)),"
"0","                                              Sigma = array(diag(1, ncol(ys)),"
"0","                                                            dim = c(ncol(ys), ncol(ys), 1))), "
"0","                                n_iter_max = 2000)"
"0","      return(c(all_res_k, k = k))"
"0","    }"
"0","    else{"
"0","      all_res_k <- mclapply(1:n_trys, function(i){"
"0","        set.seed(i)"
"0","        initial_theta <- get_theta0(k = k, ys = ys)"
"0","        all_res <- try(get_EM_estimation_mixture(ys = ys, "
"0","                                                 theta0 = initial_theta, "
"0","                                                 n_iter_max = 2000))"
"0","        if(inherits(all_res, ""try-error"")){"
"0","          return(NULL)"
"0","        }"
"0","        else{"
"0","          return(c(all_res, seed = i))"
"0","        }"
"0","      }, mc.cores = detectCores() - 2)"
"0","      lls <- map_dbl(all_res_k, function(x){"
"0","        if(is.null(x)){"
"0","          return(-Inf)"
"0","        }"
"0","        else{"
"0","          return(x$final_criterions$log_lik)"
"0","        }})"
"0","      return(c(all_res_k[[which.max(lls)]], k = k))"
"0","    }"
"0","  })"
"0","}"
