"0",""
"0","# Descriptive figures -----------------------------------------------------"
"0","## Pair plot ---------------------------------------------------------------"
"0",""
"0","pair_plot <- ggpairs(donnees %>% select_if(is.numeric), upper = list(continuous = wrap(""points"", "
"0","                                                          size = 1/.pt)), lower = ""blank"") +"
"0","  theme_bw() +"
"0","  theme(text = element_text(size = 10),"
"0","        axis.text = element_blank(),"
"0","        axis.ticks = element_blank()) "
"0","pair_plot"
